{
    "connectorName": "healthcare_immunization_registry_api",
    "operationName": "AddToImmunizationRegistry",
    "title": "Add To Immunization Registry",
    "help": "Registers a newborn child into the national immunization registry for a specific municipality",
    "markdownDescription": "# Summary\n \n# Prerequisites\n\n# Input\n\n# Output\n\n# Error\n\n# Example\n\n# Notes\n\n",
    "elements": [
        {
            "type": "attributeGroup",
            "value": {
                "groupName": "General",
                "elements": [
                    {
                        "type": "attribute",
                        "value": {
                          "name": "configRef",
                          "displayName": "Connection",
                          "inputType": "connection",
                          "allowedConnectionTypes": [
                            "healthcare_immunization_registry_api"
                          ],
                          "defaultType": "connection.healthcare_immunization_registry_api",
                          "defaultValue": "",
                          "required": "true",
                          "helpTip": "Connection to be used"
                        }
                    }
                    ,{
                        "type":"attributeGroup",
                        "value":{
                            "groupName": "Parameters",
                            "elements":[
                                        {
                                            "type":"attribute",
                                            "value":{
                                                "name": "municipality",
                                                "displayName": "Municipality",
                                                "inputType": "stringOrExpression",
                                                "defaultValue": "",
                                                "required": "true",
                                                "helpTip": "The municipality where the child is being registered "
                                            }
                                        }
                            ]
                        }
                    }
                    ,{
                        "type":"attributeGroup",
                        "value":{
                            "groupName": "Request Body",
                            "elements":[
                                        {
                                            "type":"attribute",
                                            "value":{
                                                "name": "childName",
                                                "displayName": "Child Name",
                                                "inputType": "stringOrExpression",
                                                "defaultValue": "",
                                                "required": "true",
                                                "helpTip": "Full name of the child Type: string "
                                            }
                                        }
,
                                        {
                                            "type":"attribute",
                                            "value":{
                                                "name": "dateOfBirth",
                                                "displayName": "Date Of Birth",
                                                "inputType": "stringOrExpression",
                                                "defaultValue": "",
                                                "required": "true",
                                                "helpTip": "Date of birth in YYYY-MM-DD format Type: string "
                                            }
                                        }
,
                                        {
                                            "type":"attribute",
                                            "value":{
                                                "name": "birthRegistrationNumber",
                                                "displayName": "Birth Registration Number",
                                                "inputType": "stringOrExpression",
                                                "defaultValue": "",
                                                "required": "true",
                                                "helpTip": "Official birth registration number from civil registry Type: string "
                                            }
                                        }
,
                                        {
                                            "type":"attribute",
                                            "value":{
                                                "name": "vaccines",
                                                "displayName": "Vaccines",
                                                "inputType": "stringOrExpression",
                                                "defaultValue": "",
                                                "required": "false",
                                                "helpTip": "Array of vaccines administered Type: array "
                                            }
                                        }

                            ]
                        }
                    }
                    ,{
                        "type":"attributeGroup",
                        "value":{
                            "groupName": "Output",
                            "elements":[
                                {
                                    "type":"attribute",
                                    "value":{
                                        "name": "responseVariable",
                                        "displayName": "Output Variable Name",
                                        "inputType": "string",
                                        "deriveResponseVariable" : true,
                                        "required": "true",
                                        "helpTip": "Name of the variable to which the output of the operation should be assigned"
                                    }
                                },
                                {
                                    "type":"attribute",
                                    "value":{
                                        "name": "overwriteBody",
                                        "displayName": "Replace Message Body",
                                        "inputType": "checkbox",
                                        "defaultValue": "false",
                                        "helpTip": "Replace the Message Body in Message Context with the output of the operation (This will remove the payload from the above variable).",
                                        "required": "false"
                                    }
                                }
                            ]
                        }
                    }
                ]
            }
        }
    ]
}
