{
    "connectorName": "healthcare_immunization_registry_api",
    "operationName": "DeleteImmunizationRecord",
    "title": "Delete Immunization Record",
    "help": "Deletes an immunization record by its ID for a specific municipality",
    "markdownDescription": "# Summary\n \n# Prerequisites\n\n# Input\n\n# Output\n\n# Error\n\n# Example\n\n# Notes\n\n",
    "elements": [
        {
            "type": "attributeGroup",
            "value": {
                "groupName": "General",
                "elements": [
                    {
                        "type": "attribute",
                        "value": {
                          "name": "configRef",
                          "displayName": "Connection",
                          "inputType": "connection",
                          "allowedConnectionTypes": [
                            "healthcare_immunization_registry_api"
                          ],
                          "defaultType": "connection.healthcare_immunization_registry_api",
                          "defaultValue": "",
                          "required": "true",
                          "helpTip": "Connection to be used"
                        }
                    }
                    ,{
                        "type":"attributeGroup",
                        "value":{
                            "groupName": "Parameters",
                            "elements":[
                                        {
                                            "type":"attribute",
                                            "value":{
                                                "name": "municipality",
                                                "displayName": "Municipality",
                                                "inputType": "stringOrExpression",
                                                "defaultValue": "",
                                                "required": "true",
                                                "helpTip": "The municipality where the record exists "
                                            }
                                        }
,                                        {
                                            "type":"attribute",
                                            "value":{
                                                "name": "recordId",
                                                "displayName": "Record Id",
                                                "inputType": "stringOrExpression",
                                                "defaultValue": "",
                                                "required": "true",
                                                "helpTip": "Unique identifier of the immunization record "
                                            }
                                        }
                            ]
                        }
                    }
                    ,{
                        "type":"attributeGroup",
                        "value":{
                            "groupName": "Output",
                            "elements":[
                                {
                                    "type":"attribute",
                                    "value":{
                                        "name": "responseVariable",
                                        "displayName": "Output Variable Name",
                                        "inputType": "string",
                                        "deriveResponseVariable" : true,
                                        "required": "true",
                                        "helpTip": "Name of the variable to which the output of the operation should be assigned"
                                    }
                                },
                                {
                                    "type":"attribute",
                                    "value":{
                                        "name": "overwriteBody",
                                        "displayName": "Replace Message Body",
                                        "inputType": "checkbox",
                                        "defaultValue": "false",
                                        "helpTip": "Replace the Message Body in Message Context with the output of the operation (This will remove the payload from the above variable).",
                                        "required": "false"
                                    }
                                }
                            ]
                        }
                    }
                ]
            }
        }
    ]
}
