{
   "connectorName":"healthcare_immunization_registry_api",
   "connectionName":"healthcare_immunization_registry_api",
   "title":"healthcare_immunization_registry_api connection",
   "help":"healthcare_immunization_registry_api connection",
   "elements":[
      {
         "type":"attributeGroup",
         "value":{
            "groupName":"General",
            "elements":[
               {
                  "type":"attribute",
                  "value":{
                     "name":"connectionName",
                     "displayName":"Connection Name",
                     "inputType":"string",
                     "defaultValue":"healthcare_immunization_registry_api_CONNECTION",
                     "required":"true",
                     "helpTip":"The name for the healthcare_immunization_registry_api connection.",
                     "validation":"nameWithoutSpecialCharactors"
                  }
               },
               {
                  "type":"attributeGroup",
                  "value":{
                     "groupName":"Basic",
                     "elements":[
                        {
                           "type":"attribute",
                           "value":{
                              "name":"base",
                              "displayName":"Base URL",
                              "inputType":"stringOrExpression",
                              "defaultValue":"http://localhost:3000",
                              "required":"true",
                              "helpTip":"The service root URL."
                           }
                        },
                        {
                           "type":"attribute",
                           "value":{
                              "name":"apiKey",
                              "displayName":"API KEY",
                              "inputType":"stringOrExpression",
                              "defaultValue":"",
                              "required":"false",
                              "helpTip":"Client ID of the registered application."
                           }
                        }
                     ]
                  }
               },
               {
                  "type":"attributeGroup",
                  "value":{
                     "groupName":"Advanced",
                     "elements":[
                        {
                           "type":"attribute",
                           "value":{
                              "name":"blocking",
                              "displayName":"Use Blocking Transport",
                              "inputType":"stringOrExpression",
                              "defaultValue":"false",
                              "required":"true",
                              "helpTip":"Indicates whether the operation should be executed using blocking transport."
                           }
                        }
                     ]
                  }
               }
            ]
         }
      }
   ]
}
