<?xml version="1.0" encoding="UTF-8"?>
<!--
 ~  Copyright (c) 2024, WSO2 LLC. (https://www.wso2.com) All Rights Reserved.
 ~
 ~  WSO2 LLC. licenses this file to you under the Apache License,
 ~  Version 2.0 (the "License"); you may not use this file except
 ~  in compliance with the License.
 ~  You may obtain a copy of the License at
 ~
 ~    http://www.apache.org/licenses/LICENSE-2.0
 ~
 ~  Unless required by applicable law or agreed to in writing,
 ~  software distributed under the License is distributed on an
 ~  "AS IS" BASIS, WITHOUT WARRANTIES OR CONDITIONS OF ANY
 ~  KIND, either express or implied.  See the License for the
 ~  specific language governing permissions and limitations
 ~  under the License.
-->
<!-- Generated on $timestamp -->

<component name="functions" type="synapse/template">
    <subComponents>
        <component name="AddToImmunizationRegistry">
            <file>AddToImmunizationRegistry.xml</file>
            <description>Registers a newborn child into the national immunization registry for a specific municipality</description>
        </component>
        <component name="DeleteImmunizationRecord">
            <file>DeleteImmunizationRecord.xml</file>
            <description>Deletes an immunization record by its ID for a specific municipality</description>
        </component>
        <component name="GetImmunizationRecordById">
            <file>GetImmunizationRecordById.xml</file>
            <description>Retrieves a specific immunization record by its unique identifier within a municipality</description>
        </component>
        <component name="GetImmunizationRecords">
            <file>GetImmunizationRecords.xml</file>
            <description>Retrieves all immunization records for children in a specific municipality</description>
        </component>
        <component name="HealthCheck">
            <file>HealthCheck.xml</file>
            <description>Returns the health status of the API</description>
        </component>
    </subComponents>
</component>
