<?xml version="1.0" encoding="UTF-8"?>
<!--
 ~  Copyright (c) 2025, WSO2 LLC. (https://www.wso2.com) All Rights Reserved.
 ~
 ~  WSO2 LLC. licenses this file to you under the Apache License,
 ~  Version 2.0 (the "License"); you may not use this file except
 ~  in compliance with the License.
 ~  You may obtain a copy of the License at
 ~
 ~    http://www.apache.org/licenses/LICENSE-2.0
 ~
 ~  Unless required by applicable law or agreed to in writing,
 ~  software distributed under the License is distributed on an
 ~  "AS IS" BASIS, WITHOUT WARRANTIES OR CONDITIONS OF ANY
 ~  KIND, either express or implied.  See the License for the
 ~  specific language governing permissions and limitations
 ~  under the License.
-->

<!-- Generated on $timestamp -->

<template xmlns="http://ws.apache.org/ns/synapse" name="POST_healthcare_{municipality}_immunization_register">
        <!-- Path Parameter List -->
            <parameter name="municipality"  description="The municipality where the child is being registered" />
        <!-- Request Body Parameter List -->
            <parameter name="childName"  description="Full name of the child Type: string" />
            <parameter name="dateOfBirth"  description="Date of birth in YYYY-MM-DD format Type: string" />
            <parameter name="birthRegistrationNumber"  description="Official birth registration number from civil registry Type: string" />
            <parameter name="vaccines"  description="Array of vaccines administered Type: array" />
        <parameter name="responseVariable" description="The name of the variable to which the response should be stored."/>
        <parameter name="overwriteBody" description="Replace the Message Body in Message Context with the response of the operation."/>
    <sequence>
        <class name="org.wso2.carbon.healthcare_immunization_registry_apiconnector.RestURLBuilder">
            <property name="operationPath" value="/healthcare/{municipality}/immunization/register"/>
                <property name="pathParameters" value="municipality,"/>
        </class>
                    <payloadFactory media-type="json" template-type="freemarker">
                        <format>
                            <![CDATA[{
                            <#assign hasPrevious = false>
                                <#if (args.arg1)?has_content>"childName":"${args.arg1}"<#assign hasPrevious = true></#if>
                                <#if (args.arg2)?has_content><#if hasPrevious>,</#if>"dateOfBirth":"${args.arg2}"<#assign hasPrevious = true></#if>
                                <#if (args.arg3)?has_content><#if hasPrevious>,</#if>"birthRegistrationNumber":"${args.arg3}"<#assign hasPrevious = true></#if>
                                <#if (args.arg4)?has_content><#if hasPrevious>,</#if>"vaccines":"${args.arg4}"</#if>
                            }]]>
                        </format>
                        <args>
                                <arg evaluator="xml" expression="$func:childName"/>
                                <arg evaluator="xml" expression="$func:dateOfBirth"/>
                                <arg evaluator="xml" expression="$func:birthRegistrationNumber"/>
                                <arg evaluator="xml" expression="$func:vaccines"/>
                        </args>
                    </payloadFactory>
                <property name="DISABLE_CHUNKING" scope="axis2" type="STRING" value="true"/>
            <property name="messageType" value="application/json" scope="axis2"/>
            <property name="ContentType" value="application/json" scope="axis2"/>
        <call>
            <endpoint>
                <http method="POST" uri-template="{uri.var.base}{+uri.var.urlPath}{+uri.var.urlQuery}">
                </http>
            </endpoint>
        </call>
    </sequence>
</template>
